分数,本分人数,累计人数
692,55,447
691,73,520
690,100,620
689,97,717
688,84,801
687,129,930
686,144,1074
685,128,1202
684,145,1347
683,143,1490
682,168,1658
681,188,1846
680,185,2031
679,220,2251
678,249,2500
677,193,2693
676,245,2938
675,238,3176
674,219,3395
673,248,3643
672,276,3919
671,297,4216
670,295,4511
669,315,4826
668,278,5104
667,299,5403
666,339,5742
665,366,6108
664,366,6474
663,403,6877
662,337,7214
661,395,7609
660,412,8021
659,414,8435
658,442,8877
657,441,9318
656,433,9751
655,441,10192
654,470,10662
653,470,11132
652,487,11619
651,514,12133
650,526,12659
649,546,13205
648,499,13704
647,603,14307
646,531,14838
645,555,15393
644,588,15981
643,587,16568
642,646,17214
641,664,17878
640,706,18584
639,658,19242
638,652,19894
637,681,20575
636,718,21293
635,678,21971
634,746,22717
633,729,23446
632,706,24152
631,758,24910
630,746,25656
629,815,26471
628,820,27291
627,878,28169
626,829,28998
625,811,29809
624,800,30609
623,823,31432
622,865,32297
621,924,33221
620,884,34105
619,899,35004
618,942,35946
617,944,36890
616,940,37830
615,964,38794
614,976,39770
613,1070,40840
612,1014,41854
611,974,42828
610,1051,43879
609,1083,44962
608,1030,45992
607,1069,47061
606,1090,48151
605,1077,49228
604,1100,50328
603,1144,51472
602,1099,52571
601,1135,53706
600,1042,54748
599,1138,55886
598,1134,57020
597,1126,58146
596,1210,59356
595,1174,60530
594,1143,61673
593,1216,62889
592,1129,64018
591,1169,65187
590,1174,66361
589,1210,67571
588,1207,68778
587,1178,69956
586,1159,71115
585,1195,72310
584,1199,73509
583,1232,74741
582,1209,75950
581,1303,77253
580,1192,78445
579,1268,79713
578,1168,80881
577,1202,82083
576,1254,83337
575,1255,84592
574,1188,85780
573,1310,87090
572,1284,88374
571,1283,89657
570,1228,90885
569,1250,92135
568,1249,93384
567,1268,94652
566,1199,95851
565,1295,97146
564,1245,98391
563,1244,99635
562,1269,100904
561,1230,102134
560,1218,103352
559,1318,104670
558,1296,105966
557,1260,107226
556,1298,108524
555,1239,109763
554,1248,111011
553,1317,112328
552,1232,113560
551,1277,114837
550,1254,116091
549,1252,117343
548,1234,118577
547,1276,119853
546,1308,121161
545,1196,122357
544,1292,123649
543,1297,124946
542,1375,126321
541,1241,127562
540,1276,128838
539,1271,130109
538,1225,131334
537,1240,132574
536,1333,133907
535,1220,135127
534,1272,136399
533,1264,137663
532,1267,138930
531,1233,140163
530,1274,141437
529,1346,142783
528,1254,144037
527,1289,145326
526,1243,146569
525,1270,147839
524,1247,149086
523,1294,150380
522,1280,151660
521,1213,152873
520,1225,154098
519,1218,155316
518,1225,156541
517,1158,157699
516,1222,158921
515,1224,160145
514,1247,161392
513,1223,162615
512,1165,163780
511,1244,165024
510,1225,166249
509,1201,167450
508,1138,168588
507,1256,169844
506,1220,171064
505,1220,172284
504,1215,173499
503,1162,174661
502,1144,175805
501,1168,176973
500,1103,178076
499,1137,179213
498,1107,180320
497,1115,181435
496,1082,182517
495,1144,183661
494,1155,184816
493,1083,185899
492,1150,187049
491,1027,188076
490,1035,189111
489,1129,190240
488,1065,191305
487,1032,192337
486,1037,193374
485,1075,194449
484,996,195445
483,1039,196484
482,1012,197496
481,984,198480
480,1010,199490
479,981,200471
478,980,201451
477,1013,202464
476,1003,203467
475,940,204407
474,1019,205426
473,988,206414
472,989,207403
471,897,208300
470,943,209243
469,902,210145
468,896,211041
467,925,211966
466,870,212836
465,905,213741
464,875,214616
463,877,215493
462,930,216423
461,835,217258
460,852,218110
459,841,218951
458,816,219767
457,797,220564
456,820,221384
455,824,222208
454,805,223013
453,767,223780
452,800,224580
451,811,225391
450,776,226167
449,748,226915
448,727,227642
447,803,228445
446,724,229169
445,728,229897
444,719,230616
443,701,231317
442,739,232056
441,779,232835
440,732,233567
439,719,234286
438,697,234983
437,669,235652
436,665,236317
435,709,237026
434,664,237690
433,702,238392
432,687,239079
431,644,239723
430,638,240361
429,630,240991
428,611,241602
427,614,242216
426,641,242857
425,608,243465
424,653,244118
423,596,244714
422,670,245384
421,594,245978
420,590,246568
419,581,247149
418,549,247698
417,537,248235
416,567,248802
415,558,249360
414,540,249900
413,566,250466
412,571,251037
411,525,251562
410,557,252119
409,531,252650
408,523,253173
407,519,253692
406,520,254212
405,491,254703
404,473,255176
403,526,255702
402,498,256200
401,504,256704
400,464,257168
399,484,257652
398,474,258126
397,511,258637
396,508,259145
395,438,259583
394,455,260038
393,502,260540
392,449,260989
391,477,261466
390,392,261858
389,434,262292
388,452,262744
387,460,263204
386,486,263690
385,428,264118
384,413,264531
383,415,264946
382,448,265394
381,428,265822
380,418,266240
379,378,266618
378,379,266997
377,384,267381
376,396,267777
375,376,268153
374,394,268547
373,355,268902
372,387,269289
371,375,269664
370,357,270021
369,388,270409
368,346,270755
367,374,271129
366,349,271478
365,337,271815
364,313,272128
363,330,272458
362,318,272776
361,315,273091
360,296,273387
359,320,273707
358,312,274019
357,323,274342
356,315,274657
355,301,274958
354,312,275270
353,299,275569
352,268,275837
351,322,276159
350,280,276439
349,252,276691
348,271,276962
347,285,277247
346,294,277541
345,232,277773
344,269,278042
343,251,278293
342,244,278537
341,242,278779
340,226,279005
339,245,279250
338,246,279496
337,236,279732
336,219,279951
335,243,280194
334,234,280428
333,200,280628
332,203,280831
331,240,281071
330,227,281298
329,200,281498
328,200,281698
327,234,281932
326,218,282150
325,211,282361
324,205,282566
323,203,282769
322,188,282957
321,193,283150
320,182,283332
319,173,283505
318,195,283700
317,172,283872
316,168,284040
315,194,284234
314,172,284406
313,163,284569
312,148,284717
311,165,284882
310,175,285057
309,172,285229
308,153,285382
307,175,285557
306,154,285711
305,137,285848
304,154,286002
303,159,286161
302,162,286323
301,168,286491
300,147,286638
299,144,286782
298,164,286946
297,171,287117
296,156,287273
295,155,287428
294,144,287572
293,160,287732
292,169,287901
291,182,288083
290,165,288248
289,169,288417
288,149,288566
287,171,288737
286,165,288902
285,157,289059
284,158,289217
283,206,289423
282,184,289607
281,177,289784
280,171,289955
279,195,290150
278,196,290346
277,191,290537
276,210,290747
275,188,290935
274,188,291123
273,187,291310
272,222,291532
271,202,291734
270,199,291933
269,191,292124
268,201,292325
267,213,292538
266,215,292753
