原省份,原始分,百分位(%),对应山西分,Delta
河北2025物理,693,0.014271060964188556,696.9794351781653,3.9794351781653177
河北2025物理,688,0.03656959372073317,693.001769016932,5.00176901693203
河北2025物理,683,0.08072068857869152,687.8509422722842,4.850942272284215
河北2025物理,678,0.14717031619319448,681.7995451099317,3.799545109931728
河北2025物理,673,0.24528386032199082,676.9991080586898,3.999108058689785
河北2025物理,668,0.3871025286536146,670.0831873676506,2.0831873676505666
河北2025物理,663,0.5998305311510503,663.8510765731614,0.8510765731614356
河北2025物理,658,0.8669669535744547,658.4743455380636,0.47434553806363056
河北2025物理,653,1.2036747981982785,652.5595890357425,-0.44041096425746673
河北2025物理,648,1.6741738393613699,646.7565712856507,-1.2434287143493066
河北2025物理,643,2.2276234223788074,640.2704622209412,-2.7295377790587736
河北2025物理,638,2.900147170316193,633.5594544765318,-4.440545523468245
河北2025物理,633,3.6730143156580297,627.1926449463309,-5.8073550536690846
河北2025物理,628,4.580564598849396,621.088496977428,-6.911503022571992
河北2025物理,623,5.615662489408197,614.7104143937573,-8.289585606242667
河北2025物理,618,6.765820808990769,608.9129396047837,-9.087060395216326
河北2025物理,613,8.078312447040984,602.5531142473902,-10.446885752609774
河北2025物理,608,9.523257369665076,596.3491980538361,-11.650801946163938
河北2025物理,603,11.07478927886545,590.2999911229259,-12.700008877074083
河北2025物理,598,12.753422824778129,584.3309162785661,-13.669083721433935
河北2025物理,593,14.579672657539133,578.3737803003913,-14.626219699608669
河北2025物理,588,16.55576863042412,572.1667848435429,-15.833215156457072
河北2025物理,583,18.695535833742138,565.7659272384556,-17.23407276154444
河北2025物理,578,20.971770057530215,559.7711868194444,-18.228813180555562
河北2025物理,573,23.361726798376665,553.6103793580598,-19.389620641940155
河北2025物理,568,25.866297997591758,547.558620166793,-20.441379833206952
河北2025物理,563,28.518039513000044,541.4790740971775,-21.520925902822455
河北2025物理,558,31.362440351424876,535.2566868309856,-22.743313169014414
河北2025物理,553,34.33305088525175,529.0234000802748,-23.97659991972523
河北2025物理,548,37.416046024171614,522.9516551044024,-25.048344895597552
河北2025物理,543,40.59537082459974,517.0399963735356,-25.960003626464413
河北2025物理,538,43.91740623466976,510.9797023049791,-27.020297695020872
河北2025物理,533,47.31525665611203,505.02053715107604,-27.97946284892396
河北2025物理,528,50.8633991883334,499.0052897074928,-28.994710292507193
河北2025物理,523,54.439191901172904,493.1169032329328,-29.883096767067173
河北2025物理,518,58.08812380145386,487.277935739555,-30.722064260444995
河北2025物理,513,61.80796503590064,481.52804646284557,-31.471953537154434
河北2025物理,508,65.58266066092851,475.7584979595288,-32.241502040471175
河北2025物理,503,69.33461178254471,470.0376936089894,-32.9623063910106
河北2025物理,498,73.12224055657138,464.1995150977798,-33.800484902220205
河北2025物理,493,76.80551219729742,458.6020105053784,-34.397989494621584
河北2025物理,488,80.45355215626812,452.8707579757084,-35.129242024291614
河北2025物理,483,84.01507380814343,447.1366064222652,-35.863393577734826
河北2025物理,478,87.49899656602595,441.4644534667793,-36.535546533220725
河北2025物理,473,90.91914552022476,435.69800245804794,-37.30199754195206
河北2025物理,468,94.24118093029479,429.778690805246,-38.221309194753985
河北2025物理,463,97.51014583240422,423.9288476726739,-39.071152327326104
浙江2025,693,0.1860369253465819,679.8555418476692,-13.144458152330799
浙江2025,688,0.3617685982687176,671.1142005421265,-16.88579945787353
浙江2025,683,0.6660447356431562,662.2431570245958,-20.756842975404197
浙江2025,678,1.048966220467316,655.0948638557154,-22.905136144284597
浙江2025,673,1.6103312867463606,647.5112888929406,-25.48871110705943
浙江2025,668,2.333326101577246,639.1999324688811,-28.800067531118884
浙江2025,663,3.1799839455014864,631.0163619391949,-31.983638060805106
浙江2025,658,4.209424424533009,623.6255977780881,-34.37440222191185
浙江2025,653,5.38259605580023,616.1146790185061,-36.88532098149392
浙江2025,648,6.675634044214957,609.3620048055019,-38.6379951944981
浙江2025,643,8.154708957976267,602.199706926131,-40.80029307386906
浙江2025,638,9.8355498665741,595.0831931437602,-42.91680685623976
浙江2025,633,11.743106328509752,587.8360523982914,-45.16394760170863
浙江2025,628,13.757511986635715,581.057636125542,-46.94236387445801
浙江2025,623,15.989412709088146,573.9617690609343,-49.03823093906567
浙江2025,618,18.400841776408566,566.5910715536876,-51.408928446312416
浙江2025,613,21.050376412904345,559.5647593217889,-53.43524067821113
浙江2025,608,23.83333694921138,552.4587636800338,-55.541236319966174
浙江2025,603,26.683552817130586,545.6235142150797,-57.376485784920305
浙江2025,598,29.682381272644438,538.8356556356746,-59.164344364325416
浙江2025,593,32.766906037793156,532.2829511006181,-60.71704889938189
浙江2025,588,35.984314321046575,525.6777766187075,-62.322223381292474
浙江2025,583,39.29013082246762,519.4764630855682,-63.523536914431816
浙江2025,578,42.59377779706246,513.3553891046363,-64.64461089536371
浙江2025,573,45.88983142776561,507.5405484238062,-65.45945157619383
浙江2025,568,49.156596446315056,501.82930347206957,-66.17069652793043
浙江2025,563,52.48573536111773,496.3095183878501,-66.69048161214988
浙江2025,558,55.82680667346451,491.0029784174072,-66.99702158259282
浙江2025,553,59.11147028833012,485.614218603407,-67.38578139659302
浙江2025,548,62.501898335972925,480.4637890352114,-67.53621096478861
浙江2025,543,65.8549020458638,475.3434937444072,-67.65650625559277
浙江2025,538,69.26322868982275,470.1427805303741,-67.85721946962587
浙江2025,533,72.56579090100449,465.0626488757033,-67.9373511242967
浙江2025,528,75.90198077799232,460.02101072048475,-67.97898927951525
浙江2025,523,79.15355910875837,454.9738963114409,-68.02610368855909
浙江2025,518,82.46208751871217,449.6108178919693,-68.3891821080307
浙江2025,513,85.71258108606513,444.33185058353075,-68.66814941646925
浙江2025,508,88.89527694009936,439.03042418980704,-68.96957581019296
浙江2025,503,92.05139609051265,433.75174022372926,-69.24825977627074
浙江2025,498,95.16141279586921,428.2020124961032,-69.79798750389682
浙江2025,493,98.23183563664765,422.55071380127646,-70.44928619872354
河北2025历史,672,0.00924955293827465,670.8411389282851,-1.1588610717149095
河北2025历史,667,0.0724548313498181,662.003725514378,-4.9962744856220525
河北2025历史,662,0.17111672935808103,655.6036900577583,-6.3963099422417145
河北2025历史,657,0.2898193253992724,649.8495927825027,-7.150407217497332
河北2025历史,652,0.4871431214157982,643.6606030708516,-8.339396929148393
河北2025历史,647,0.7445890115311093,638.9327104658691,-8.06728953413085
河北2025历史,642,1.0683233643707222,632.2183223833575,-9.781677616642469
河北2025历史,637,1.5045939446260097,626.7079299500524,-10.292070049947597
河北2025历史,632,2.034901646420423,621.6610031328161,-10.338996867183937
河北2025历史,627,2.7132021952272307,616.226952011422,-10.773047988578014
河北2025历史,622,3.4932478263550593,610.1667951326797,-11.833204867320319
河北2025历史,617,4.4351606339026945,604.3992417813562,-12.600758218643819
河北2025历史,612,5.5975211198125425,598.6931565420766,-13.306843457923378
河北2025历史,607,6.981870876240983,592.915778567829,-14.084221432171034
河北2025历史,602,8.50496392674354,587.3470150415794,-14.652984958420575
河北2025历史,597,10.28550286736141,581.4008529954691,-15.599147004530892
河北2025历史,592,12.210951470678918,575.9491779229246,-16.050822077075395
河北2025历史,587,14.290559289634333,570.1584195937091,-16.84158040629086
河北2025历史,582,16.49349448110008,564.6535157985527,-17.34648420144731
河北2025历史,577,18.861380033298392,558.9770240620743,-18.022975937925708
河北2025历史,572,21.465129185422704,553.7905618168346,-18.20943818316539
河北2025历史,567,24.167540235555283,548.6174630192546,-18.382536980745385
河北2025历史,562,27.132021952272307,543.1038445563181,-18.89615544368189
河北2025历史,557,30.181291237590184,537.9961918638156,-19.003808136184375
河北2025历史,552,33.358512671887524,532.5960776004905,-19.403922399509497
河北2025历史,547,36.92729851390516,527.1270121178212,-19.87298788217879
河北2025历史,542,40.59012147746192,521.8185808036445,-20.181419196355478
河北2025历史,537,44.214404637109205,516.5797507719819,-20.420249228018065
河北2025历史,532,48.24258494172782,511.0646253151404,-20.935374684859596
河北2025历史,527,52.29851390516125,505.4718718768215,-21.528128123178476
河北2025历史,522,56.507060492076214,499.97531239430754,-22.024687605692463
河北2025历史,517,60.85589196522167,494.44565952088305,-22.554340479116945
河北2025历史,512,65.35117469322316,488.9499565854317,-23.05004341456828
河北2025历史,507,70.00215822901893,483.0292467337018,-23.970753266298175
河北2025历史,502,74.73947092557192,477.0191891370593,-24.9808108629407
河北2025历史,497,79.6633162730468,470.384966393291,-26.615033606709005
河北2025历史,492,84.52241474995375,464.3043586918456,-27.695641308154393
河北2025历史,487,89.63125115619411,457.44696910241623,-29.553030897583767
河北2025历史,482,94.81100080162793,450.2102407847445,-31.789759215255515
河北2025历史,477,100.0,443.0,-34.0
浙江2025,693,0.1860369253465819,654.4234717491448,-38.576528250855176
浙江2025,688,0.3617685982687176,647.2796526858742,-40.720347314125775
浙江2025,683,0.6660447356431562,640.3790172405065,-42.62098275949347
浙江2025,678,1.048966220467316,632.533923017299,-45.466076982701
浙江2025,673,1.6103312867463606,625.7254363073414,-47.2745636926586
浙江2025,668,2.333326101577246,619.0514815156314,-48.948518484368606
浙江2025,663,3.1799839455014864,612.529816491045,-50.47018350895496
浙江2025,658,4.209424424533009,605.7186925527376,-52.28130744726241
浙江2025,653,5.38259605580023,599.7127308436808,-53.28726915631921
浙江2025,648,6.675634044214957,594.1354920550651,-53.86450794493487
浙江2025,643,8.154708957976267,588.5864177294567,-54.413582270543316
浙江2025,638,9.8355498665741,582.8074505744415,-55.19254942555847
浙江2025,633,11.743106328509752,577.185561127066,-55.81443887293403
浙江2025,628,13.757511986635715,571.6292389963704,-56.37076100362958
浙江2025,623,15.989412709088146,565.8022630087163,-57.197736991283705
浙江2025,618,18.400841776408566,559.9136480864773,-58.08635191352266
浙江2025,613,21.050376412904345,554.5577802245219,-58.442219775478065
浙江2025,608,23.83333694921138,549.2187583921625,-58.7812416078375
浙江2025,603,26.683552817130586,543.8626247170916,-59.13737528290835
浙江2025,598,29.682381272644438,538.8138203713021,-59.186179628697914
浙江2025,593,32.766906037793156,533.5477595791455,-59.45224042085454
浙江2025,588,35.984314321046575,528.4234718327051,-59.576528167294896
浙江2025,583,39.29013082246762,523.6226574913973,-59.37734250860274
浙江2025,578,42.59377779706246,518.8985853202018,-59.101414679798154
浙江2025,573,45.88983142776561,514.2100268572774,-58.7899731427226
浙江2025,568,49.156596446315056,509.7422672682471,-58.257732731752924
浙江2025,563,52.48573536111773,505.2184588049837,-57.7815411950163
浙江2025,558,55.82680667346451,500.87956560850006,-57.12043439149994
浙江2025,553,59.11147028833012,496.5626942543797,-56.43730574562028
浙江2025,548,62.501898335972925,492.44766253599295,-55.55233746400705
浙江2025,543,65.8549020458638,488.33954454449025,-54.66045545550975
浙江2025,538,69.26322868982275,484.00767510213024,-53.992324897869764
浙江2025,533,72.56579090100449,479.86865805358866,-53.13134194641134
浙江2025,528,75.90198077799232,475.33495174261316,-52.66504825738684
浙江2025,523,79.15355910875837,471.00520252132645,-51.99479747867355
浙江2025,518,82.46208751871217,466.98891275971044,-51.011087240289555
浙江2025,513,85.71258108606513,462.7500150534712,-50.2499849465288
浙江2025,508,88.89527694009936,458.4615358665098,-49.53846413349021
浙江2025,503,92.05139609051265,454.0582422250734,-48.9417577749266
浙江2025,498,95.16141279586921,449.7392439571156,-48.260756042884395
浙江2025,493,98.23183563664765,445.48195306114286,-47.51804693885714
河北2026物理,701,0.014320854533814063,690.4951376486841,-10.504862351315865
河北2026物理,696,0.03159012029517809,687.1625067993973,-8.837493200602694
河北2026物理,691,0.06360144219429187,684.0521616066314,-6.947838393368556
河北2026物理,686,0.12046365872561242,679.9608499126308,-6.039150087369194
河北2026物理,681,0.20175556828520405,675.7948569797566,-5.20514302024344
河北2026物理,676,0.3281160494659164,671.1506845322932,-4.849315467706788
河北2026物理,671,0.49027866698116385,666.4656069119699,-4.534393088030129
河北2026物理,666,0.7147791218788961,661.5551959192564,-4.444804080743552
河北2026物理,661,1.0197290831283485,656.1293511219717,-4.870648878028305
河北2026物理,656,1.3579539710887218,651.2972963968238,-4.702703603176246
河北2026物理,651,1.8170637193786434,646.4817555887071,-4.518244411292926
河北2026物理,646,2.316187620042457,642.0836226929501,-3.9163773070498564
河北2026物理,641,2.9138726960272265,637.3782823639278,-3.6217176360721623
河北2026物理,636,3.640866664420258,632.7039731754088,-3.296026824591195
河北2026物理,631,4.51401758937898,627.5455701148203,-3.4544298851797066
河北2026物理,626,5.459193988610709,622.4940279994404,-3.505972000559609
河北2026物理,621,6.5362064898743135,617.4590425916706,-3.5409574083294046
河北2026物理,616,7.757269939683931,612.151603067143,-3.8483969328569856
河北2026物理,611,9.08489739528928,607.1827295219417,-3.8172704780582762
河北2026物理,606,10.52835529197695,601.9306298508385,-4.0693701491615
河北2026物理,601,12.07711358964855,596.792485254765,-4.207514745235017
河北2026物理,596,13.776240859925196,591.2276689971453,-4.772331002854685
河北2026物理,591,15.623631094787207,585.6489851212077,-5.351014878792284
河北2026物理,586,17.57042490817805,580.0183310657252,-5.981668934274808
河北2026物理,581,19.65200323482832,574.4054876364684,-6.594512363531635
河北2026物理,576,21.87847491323247,568.4921681369659,-7.507831863034085
河北2026物理,571,24.212774202244162,562.4549633068738,-8.545036693126235
河北2026物理,566,26.641422650537454,556.5226672559169,-9.477332744083128
河北2026物理,561,29.245712167671932,550.4610198206487,-10.538980179351256
河北2026物理,556,31.941402432860468,544.3010092845042,-11.698990715495825
河北2026物理,551,34.76640159045726,537.8615052356869,-13.138494764313123
河北2026物理,546,37.68153789129629,531.4956968092232,-14.504303190776795
河北2026物理,541,40.682178117734274,525.3078383098917,-15.692161690108264
河北2026物理,536,43.79443676921522,519.0015456822496,-16.99845431775043
河北2026物理,531,46.93365232334805,512.5823236057236,-18.41767639427644
河北2026物理,526,50.09771877211308,506.2806529968695,-19.71934700313051
河北2026物理,521,53.249991575967925,500.1721630833147,-20.827836916685328
河北2026物理,516,56.47428985409576,494.03329998280634,-21.96670001719366
河北2026物理,511,59.69900933382755,488.01448206643914,-22.985517933560857
河北2026物理,506,62.91951679751997,481.9315705092433,-24.068429490756728
河北2026物理,501,66.14297267243994,475.89977459164834,-25.100225408351662
河北2026物理,496,69.39886107086296,469.7013760162253,-26.29862398377469
河北2026物理,491,72.55660949556896,463.6457882933105,-27.35421170668951
河北2026物理,486,75.6381204299626,457.4629123433097,-28.53708765669029
河北2026物理,481,78.77607237928362,451.11132281809915,-29.888677181900846
河北2026物理,476,81.78724264581999,444.7664527795517,-31.233547220448315
河北2026物理,471,84.76935000168481,438.42364149229104,-32.57635850770896
河北2026物理,466,87.69291033460256,432.07879830846605,-33.92120169153395
河北2026物理,461,90.5187518954072,425.63502591928574,-35.36497408071426
河北2026物理,456,93.24982309532635,419.00871617423974,-36.99128382576026
河北2026物理,451,95.88359672473634,412.34193220043636,-38.65806779956364
河北2026物理,446,98.48957104828655,405.2789286924798,-40.72107130752022
浙江2026,692,0.029822582744111394,687.4891275384053,-4.5108724615946585
浙江2026,687,0.29171908211512604,672.4348759139567,-14.565124086043284
浙江2026,682,0.6864616318917277,662.0827565559904,-19.917243444009614
浙江2026,677,1.2476684162581877,652.8345411479345,-24.165458852065512
浙江2026,672,1.912440897063289,645.5471170517477,-26.452882948252295
浙江2026,667,2.717108402377131,638.7897538511572,-28.21024614884277
浙江2026,662,3.699084717824144,632.3585318155968,-29.641468184403152
浙江2026,657,4.839934064980697,625.6900748512801,-31.309925148719913
浙江2026,652,6.087602481238885,619.5784902231599,-32.42150977684014
浙江2026,647,7.545113434260182,613.0041084835503,-33.99589151644966
浙江2026,642,9.12137248948076,607.0490715507276,-34.950928449272396
浙江2026,637,10.943803409534551,600.5237338986742,-36.47626610132579
浙江2026,632,12.883355745456123,594.1111371333438,-37.888862866656154
浙江2026,627,15.061488743330587,587.3451731770782,-39.65482682292179
浙江2026,622,17.299809135470436,580.7910615608969,-41.20893843910312
浙江2026,617,19.79026590899232,574.0192121844498,-42.98078781555023
浙江2026,612,22.481889558842667,566.9909415898403,-45.009058410159696
浙江2026,607,25.305274801544268,559.7820131664259,-47.21798683357406
浙江2026,602,28.292955363727064,552.6785647947102,-49.321435205289845
浙江2026,597,31.315880796425628,545.7310567741063,-51.268943225893736
浙江2026,592,34.4998481759424,538.450184380338,-53.54981561966201
浙江2026,587,37.719602654752094,531.4206395945504,-55.57936040544962
浙江2026,582,40.96972194508307,524.7384840895741,-57.26151591042594
浙江2026,577,44.295211035440076,517.9795811240987,-59.02041887590133
浙江2026,572,47.706372272589256,511.02847936247787,-60.97152063752213
浙江2026,567,51.11048453563527,504.34310423134684,-62.65689576865316
浙江2026,562,54.50049885047499,497.77465902454145,-64.22534097545855
浙江2026,557,57.9284691797163,491.3776664952191,-65.6223335047809
浙江2026,552,61.362946254283614,484.85368991321394,-67.14631008678606
浙江2026,547,64.77519194898711,478.49488132868055,-68.50511867131945
浙江2026,542,68.28232767969462,471.8319685579163,-70.1680314420837
浙江2026,537,71.6728842233115,465.3216556361085,-71.67834436389148
浙江2026,532,75.11929033097644,458.5137588149927,-73.48624118500732
浙江2026,527,78.58738558972802,451.507540571388,-75.492459428612
浙江2026,522,82.02186266429533,444.28242457173957,-77.71757542826043
浙江2026,517,85.29638224959875,437.2692317254716,-79.73076827452837
浙江2026,512,88.59367544354313,430.00226852732766,-81.99773147267234
浙江2026,507,91.88175074827572,422.423224066958,-84.57677593304197
浙江2026,502,95.11397648896022,414.3497262175736,-87.65027378242638
浙江2026,497,98.16672450440291,406.1616924327495,-90.83830756725052
河北2026历史,671,0.04841858648965248,661.2901574905636,-9.709842509436385
河北2026历史,666,0.08902772354549005,657.7730701785524,-8.226929821447584
河北2026历史,661,0.14994142912924638,654.6589535337758,-6.341046466224157
河北2026历史,656,0.24677860210855135,649.9563808780052,-6.043619121994766
河北2026历史,651,0.40296759078484967,644.9489205211032,-6.051079478896781
河北2026历史,646,0.6669269816477938,637.9527286216322,-8.047271378367782
河北2026历史,641,1.0089808668488873,631.6837613148273,-9.31623868517272
河北2026历史,636,1.4338149160484186,625.4429526818359,-10.55704731816411
河北2026历史,631,1.9601718078875439,619.6359572379877,-11.364042762012332
河北2026历史,626,2.719250292854354,612.9455035511888,-13.054496448811165
河北2026历史,621,3.584537290121047,606.4588922596341,-14.541107740365874
河北2026历史,616,4.570089808668489,600.4295116201715,-15.570488379828475
河北2026历史,611,5.818039828192113,593.5168150645379,-17.483184935462077
河北2026历史,606,7.3002733307301835,586.774450014247,-19.22554998575299
河北2026历史,601,8.887153455681375,580.693937200598,-20.306062799401957
河北2026历史,596,10.61772745021476,574.4238872103206,-21.576112789679428
河北2026历史,591,12.640374853572823,567.5503440027298,-23.449655997270156
河北2026历史,586,14.822335025380712,560.8279867300852,-25.172013269914828
河北2026历史,581,17.24795001952362,554.0271637979253,-26.972836202074745
河北2026历史,576,20.0,547.1503875968992,-28.849612403100764
河北2026历史,571,22.767668879344004,540.65547502478,-30.344524975219997
河北2026历史,566,25.908629441624363,533.9548015689894,-32.04519843101059
河北2026历史,561,29.290121046466222,527.0301973005171,-33.9698026994829
河北2026历史,556,32.73252635689184,520.4126878849939,-35.58731211500606
河北2026历史,551,36.47637641546271,513.5045515473723,-37.49544845262767
河北2026历史,546,40.48730964467005,506.6728052364414,-39.32719476355862
河北2026历史,541,44.63881296368606,499.673022404279,-41.32697759572102
河北2026历史,536,48.87622022647403,492.89939346609395,-43.100606533906046
河北2026历史,531,53.321358844201484,485.9093520176655,-45.090647982334474
河北2026历史,526,57.7383834439672,479.1745899288139,-46.82541007118613
河北2026历史,521,62.42561499414291,472.04276380835904,-48.95723619164096
河北2026历史,516,67.35806325654042,464.45660468690926,-51.54339531309074
河北2026历史,511,72.42795782897305,456.4611033444889,-54.53889665551111
河北2026历史,506,77.49629051151894,448.55099691471753,-57.44900308528247
河北2026历史,501,82.767668879344,439.99757379495856,-61.002426205041445
河北2026历史,496,88.16087465833658,430.7850796129984,-65.2149203870016
河北2026历史,491,93.53065208902773,421.3667955420088,-69.63320445799121
河北2026历史,486,98.92073408824677,411.0401334956474,-74.95986650435259
浙江2026,692,0.029822582744111394,665.483122225596,-26.51687777440395
浙江2026,687,0.29171908211512604,648.0795623129311,-38.9204376870689
浙江2026,682,0.6864616318917277,637.6071801934672,-44.39281980653277
浙江2026,677,1.2476684162581877,627.8457105056051,-49.1542894943949
浙江2026,672,1.912440897063289,620.0776513508398,-51.9223486491602
浙江2026,667,2.717108402377131,612.965983497487,-54.034016502513055
浙江2026,662,3.699084717824144,605.7312549762609,-56.26874502373914
浙江2026,657,4.839934064980697,598.8228987326057,-58.17710126739428
浙江2026,652,6.087602481238885,592.275654249226,-59.72434575077398
浙江2026,647,7.545113434260182,585.7428927125213,-61.257107287478675
浙江2026,642,9.12137248948076,579.7479693269078,-62.252030673092236
浙江2026,637,10.943803409534551,573.3422131172006,-63.65778688279943
浙江2026,632,12.883355745456123,566.7759135529056,-65.22408644709435
浙江2026,627,15.061488743330587,560.1617835620827,-66.83821643791725
浙江2026,622,17.299809135470436,553.8862978099465,-68.11370219005346
浙江2026,617,19.79026590899232,547.7255792768736,-69.27442072312635
浙江2026,612,22.481889558842667,541.3266007715355,-70.67339922846452
浙江2026,607,25.305274801544268,535.1544496372234,-71.84555036277663
浙江2026,602,28.292955363727064,529.2101671681695,-72.7898328318305
浙江2026,597,31.315880796425628,523.0461010962317,-73.95389890376828
浙江2026,592,34.4998481759424,517.1860086919548,-74.81399130804516
浙江2026,587,37.719602654752094,511.40725103628745,-75.59274896371255
浙江2026,582,40.96972194508307,505.9086337051244,-76.09136629487563
浙江2026,577,44.295211035440076,500.23321535661614,-76.76678464338386
浙江2026,572,47.706372272589256,494.7399109930278,-77.26008900697218
浙江2026,567,51.11048453563527,489.419793803419,-77.580206196581
浙江2026,562,54.50049885047499,484.06278871217705,-77.93721128782295
浙江2026,557,57.9284691797163,478.87821328188966,-78.12178671811034
浙江2026,552,61.362946254283614,473.75884593929624,-78.24115406070376
浙江2026,547,64.77519194898711,468.4010156868443,-78.59898431315571
浙江2026,542,68.28232767969462,463.08258923583395,-78.91741076416605
浙江2026,537,71.6728842233115,457.6741286641755,-79.3258713358245
浙江2026,532,75.11929033097644,452.25824526012457,-79.74175473987543
浙江2026,527,78.58738558972802,446.8586333027984,-80.14136669720159
浙江2026,522,82.02186266429533,441.1765189172034,-80.8234810827966
浙江2026,517,85.29638224959875,435.72406370521537,-81.27593629478463
浙江2026,512,88.59367544354313,430.01176515951164,-81.98823484048836
浙江2026,507,91.88175074827572,424.3875498735107,-82.6124501264893
浙江2026,502,95.11397648896022,418.50039288190686,-83.49960711809314
浙江2026,497,98.16672450440291,412.7046000328731,-84.29539996712691
